<manifest><control namespace="ShaheerAhmad" constructor="ChoicesStages" version="1.0.0" display-name-key="ChoicesStages" description-key="Choices Stages PCF Control" control-type="standard" api-version="1.3.8"><external-service-usage enabled="false" /><property name="Choice" display-name-key="Choice" description-key="Choice" of-type="OptionSet" usage="bound" required="true" /><resources><code path="bundle.js" order="1" /><css path="css/choices-stages.css" order="1" /></resources><built-by name="pac" version="1.29.6" /></control></manifest>